날짜,마켓,순위,판매처,상품명(모델명),제조사(브랜드),CPU,VGA,메모리,SSD,OS,디스플레이,정상가,판매가,혜택가,쿠폰/카드혜택,URL
2026-07-08,쿠팡,1,쿠팡,"LG전자 2026 그램 AI 16 코어 Ultra5, 스노우 화이트, 16ZB90S-GA5PK, 512GB, 16GB, WIN11 Home",LG전자,,integrated,512GB,,WIN 11 HOME,,,2369000,2369000,로켓배송,https://link.coupang.com/re/AFFSDP?lptag=AF1553695&pageKey=9587163832&itemId=28618637847&vendorItemId=95561904122&traceid=V0-153-6304b732f5efc10a&clickBeacon=2e293e60-7a60-11f1-bb95-4b627380722b%7E3&requestid=20260708090133492070192122&token=31850C%7CMIXED
2026-07-08,쿠팡,2,쿠팡,"HP 2025 VICTUS 15 GAMING LAPTOP 15.6 라이젠9 라이젠 8000시리즈 지포스 RTX 4060, Mica Silver, 512GB, 16GB, Free DOS, 15-fb3001AX",HP,라이젠9,RTX 4060,512GB,,FreeDOS,,,1599000,1599000,로켓배송,https://link.coupang.com/re/AFFSDP?lptag=AF1553695&pageKey=8512549241&itemId=24641516609&vendorItemId=91652297692&traceid=V0-153-f07d5d4c9327f511&clickBeacon=2e296570-7a60-11f1-98c4-9c509dcc91de%7E3&requestid=20260708090133492070192122&token=31850C%7CMIXED
2026-07-08,쿠팡,3,쿠팡,"LG 그램15 코어i5 FHD 윈도우11 화이트 (코어i5-1135G7/16G/SSD512G 듀얼 [SSD256G + SSD256G]/15.6"" IPS FHD/윈11), GRAM15, WIN11 Home, 16GB, 512GB, 화이트",LG전자,,integrated,16GB,512GB,WIN 11 HOME,"15.6""",,898000,898000,무료배송,https://link.coupang.com/re/AFFSDP?lptag=AF1553695&pageKey=9608130050&itemId=28684284346&vendorItemId=95625818567&traceid=V0-153-78994b7f297defa7&clickBeacon=2e296570-7a60-11f1-ba09-d34230a18d26%7E3&requestid=20260708090133492070192122&token=31850C%7CMIXED
2026-07-08,쿠팡,4,쿠팡,"LG전자 2026 그램 AI 15 코어 Ultra5, 에센스 화이트, 15ZB90S-GA5CK, 512GB, 16GB, WIN11 Home",LG전자,,integrated,512GB,,WIN 11 HOME,,,2289000,2289000,로켓배송,https://link.coupang.com/re/AFFSDP?lptag=AF1553695&pageKey=9293544281&itemId=28618637833&vendorItemId=95561904114&traceid=V0-153-4309c13e1ac6099c&clickBeacon=2e296570-7a60-11f1-8387-1422ad038a0e%7E3&requestid=20260708090133492070192122&token=31850C%7CMIXED
2026-07-08,쿠팡,5,쿠팡,"HP 2026 빅터스 15 코어i5 인텔 13세대 지포스 RTX 3050, MicaSilver, 512GB, 8GB, Free DOS, 15-fa2107TX",HP,,RTX 3050,512GB,,FreeDOS,,,1398000,1398000,로켓배송,https://link.coupang.com/re/AFFSDP?lptag=AF1553695&pageKey=8523018005&itemId=25168623807&vendorItemId=95375996210&traceid=V0-153-17f1e4f4d5865726&clickBeacon=2e296570-7a60-11f1-b94b-f41aa07ac4c9%7E3&requestid=20260708090133492070192122&token=31850C%7CMIXED
2026-07-08,쿠팡,6,쿠팡,LG 울트라PC 15U560 6세대 i5 지포스940M 15.6인치 윈도우10,LG전자,I5,integrated,,,,15.6인치,,298000,298000,무료배송,https://link.coupang.com/re/AFFSDP?lptag=AF1553695&pageKey=6359373947&itemId=13418949659&vendorItemId=95217544143&traceid=V0-153-7d8369939570924a&requestid=20260708090133492070192122&token=31850C%7CMIXED
2026-07-08,쿠팡,7,쿠팡,LG 울트라PC 15U560 6세대 코어i5 8GB SSD128GB Win10,LG전자,,integrated,8GB,128GB,Windows,,,238000,238000,무료배송,https://link.coupang.com/re/AFFSDP?lptag=AF1553695&pageKey=6431886792&itemId=13884262431&vendorItemId=93588416244&traceid=V0-153-eaa87aceb7dd441e&requestid=20260708090133492070192122&token=31850C%7CMIXED
2026-07-08,쿠팡,8,쿠팡,베이직스 2024 베이직북 14 N-시리즈,Basics,,integrated,,,,,,563000,563000,로켓배송,https://link.coupang.com/re/AFFSDP?lptag=AF1553695&pageKey=9128826497&itemId=26858848404&vendorItemId=92984476751&traceid=V0-153-2bd89178e148d112&requestid=20260708090133492070192122&token=31850C%7CMIXED
2026-07-08,쿠팡,9,쿠팡,LG 2020 그램15 15ZB995 10세대 i5 RAM 16GB SSD탑재 윈도우11설치 15인치 중고노트북,LG전자,I5,integrated,16GB,,,15인치,,734000,734000,무료배송,https://link.coupang.com/re/AFFSDP?lptag=AF1553695&pageKey=9385445604&itemId=27862969553&vendorItemId=95174371235&traceid=V0-153-6520cdb84378311d&requestid=20260708090133492070192122&token=31850C%7CMIXED
2026-07-08,쿠팡,10,쿠팡,삼성 NT371B5J 4세대 I5 16G SSD512 WINPRO,삼성전자,I5,integrated,,,Windows,,,316500,316500,무료배송,https://link.coupang.com/re/AFFSDP?lptag=AF1553695&pageKey=4843128862&itemId=13002250931&vendorItemId=93840777101&traceid=V0-153-7ce1e5108b17dfa4&requestid=20260708090133492070192122&token=31850C%7CMIXED
2026-07-08,지마켓,1,G마켓,레노버 노트북 레노버 Thinkpad X13 메모리 32GB 윈도우11 슬림 노트북,Lenovo,,integrated,32GB,,,,,527140,527140,,https://link.gmarket.co.kr/gate/pcs?item-no=4618650265&sub-id=1003&service-code=10000003&lcd=100000002
2026-07-08,지마켓,2,G마켓,삼성전자 갤럭시북4 NT750XGR-A71A 인텔 i7 FHD 15.6 대화면 인강용 재택근무 노트북,삼성전자,I7,integrated,,,,,,1448900,1448900,,https://link.gmarket.co.kr/gate/pcs?item-no=3639127422&sub-id=1003&service-code=10000003&lcd=100000002
2026-07-08,지마켓,3,G마켓,삼성전자 갤럭시북3 Go NT345XPA-K14A 셀룰러 LTE 5G 이동통신 출장 미팅용 윈도우11 탑재 노트북,삼성전자,,integrated,,,,,,498900,498900,,https://link.gmarket.co.kr/gate/pcs?item-no=3924395608&sub-id=1003&service-code=10000003&lcd=100000002
2026-07-08,지마켓,4,G마켓,삼성전자 갤럭시북4 NT750XGR-A51A 최종가104만 256GB 가성비 대학생 재택근무 강의용 노트북,삼성전자,,integrated,256GB,,,,,1199000,1199000,,https://link.gmarket.co.kr/gate/pcs?item-no=3647869931&sub-id=1003&service-code=10000003&lcd=100000002
2026-07-08,지마켓,5,G마켓,레노버 레노버 V15 13세대 i5 아이디어패드 15.6형 혜택가 84만 i5 16GB 256GB 윈도우11 홈 (5세대),Lenovo,I5,integrated,16GB,256GB,,15.6형,,912900,912900,,https://link.gmarket.co.kr/gate/pcs?item-no=3947230834&sub-id=1003&service-code=10000003&lcd=100000002
2026-07-08,지마켓,6,G마켓,에이수스 ASUS TUF A14 FA401UM-RG007 라이젠7-260/32GB/RTX5060 QHD 게이밍 노트북 겜트북,ASUS,라이젠7,RTX5060,32GB,,,,,2818690,2818690,,https://link.gmarket.co.kr/gate/pcs?item-no=4457738717&sub-id=1003&service-code=10000003&lcd=100000002
2026-07-08,지마켓,7,G마켓,LG전자 LG그램북 15UD50U-GX5KK U5 16GB 256GB,LG전자,,integrated,16GB,256GB,,,,1235470,1235470,,https://link.gmarket.co.kr/gate/pcs?item-no=4686136526&sub-id=1003&service-code=10000003&lcd=100000002
2026-07-08,지마켓,8,G마켓,삼성전자 삼성전자 갤럭시북4 엣지 NT750XQA-K02AB 16GB 512GB,삼성전자,,integrated,16GB,512GB,,,,1648950,1648950,,https://link.gmarket.co.kr/gate/pcs?item-no=4780542778&sub-id=1003&service-code=10000003&lcd=100000002
2026-07-08,지마켓,9,G마켓,삼성전자 삼성 NT550XDA-K14AW RAM16GB SSD1TB교체/정품,삼성전자,,integrated,16GB,1TB,,,,1168170,1168170,,https://link.gmarket.co.kr/gate/pcs?item-no=3120781617&sub-id=1003&service-code=10000003&lcd=100000002
2026-07-08,지마켓,10,G마켓,삼성전자 삼성전자 갤럭시북5 NT750XHD-KC51G +한컴오피스 JFD,삼성전자,,integrated,,,,,,1829650,1829650,,https://link.gmarket.co.kr/gate/pcs?item-no=4647624288&sub-id=1003&service-code=10000003&lcd=100000002
2026-07-08,지마켓,11,G마켓,삼성전자 삼성전자 갤럭시북6 프로 NT960XJG-KC71S 실버 무료배송,삼성전자,,integrated,,,,,,3288780,3288780,,https://link.gmarket.co.kr/gate/pcs?item-no=4754891300&sub-id=1003&service-code=10000003&lcd=100000002
2026-07-08,지마켓,12,G마켓,삼성전자 삼성 갤럭시북4 엣지 NT750XQB-KC01B CARE PLUS 윈도우11 사무용 AI 노트북 안심출고 16GB 512GB,삼성전자,,integrated,16GB,512GB,,,,1224780,1224780,,https://link.gmarket.co.kr/gate/pcs?item-no=4795970361&sub-id=1003&service-code=10000003&lcd=100000002
2026-07-08,지마켓,13,G마켓,레노버 노트북 레노버 ThinkPad X13 Gen1 메모리 32GB SSD512GB Windows11 전용박스,Lenovo,,integrated,32GB,512GB,WIN 11 HOME,,,626400,626400,,https://link.gmarket.co.kr/gate/pcs?item-no=4618661624&sub-id=1003&service-code=10000003&lcd=100000002
2026-07-08,지마켓,14,G마켓,삼성전자 삼성전자 갤럭시북6 NT740VJG-KC51S 실버 무료배송,삼성전자,,integrated,,,,,,1840410,1840410,,https://link.gmarket.co.kr/gate/pcs?item-no=4754739511&sub-id=1003&service-code=10000003&lcd=100000002
2026-07-08,지마켓,15,G마켓,HP HP ENVY 15-J034TX i7 16G 윈10 게이밍 중고 노트북,HP,I7,integrated,,,,,,272440,272440,,https://link.gmarket.co.kr/gate/pcs?item-no=4756738177&sub-id=1003&service-code=10000003&lcd=100000002
2026-07-08,지마켓,16,G마켓,애플 맥북프로 14 M1 Pro 8CPU 14GPU 16GB 스페이스 그레이 S,Apple,,integrated,16GB,,,,,1261000,1261000,,https://link.gmarket.co.kr/gate/pcs?item-no=4766918484&sub-id=1003&service-code=10000003&lcd=100000002
2026-07-08,지마켓,17,G마켓,LG전자 노트북 LG gram i5 11세대 그램 노트북 14ZB95N 14형 SSD512G PD충전 윈도우11,LG전자,I5,integrated,,,,14형,,685730,685730,,https://link.gmarket.co.kr/gate/pcs?item-no=2623547405&sub-id=1003&service-code=10000003&lcd=100000002
2026-07-08,지마켓,18,G마켓,기가바이트 기가바이트 Gaming A16 3VH 체감가 136만 라이젠 AMD R7 지포스 RTX5060 16GB 512GB QHD 게이밍 노트북,Gigabyte,,RTX5060,16GB,512GB,,,,1704470,1704470,,https://link.gmarket.co.kr/gate/pcs?item-no=4468443102&sub-id=1003&service-code=10000003&lcd=100000002
2026-07-08,지마켓,19,G마켓,레노버 Slim3-17ABA7 R5 R5 5625U 8G 256G IPS 300nit DOS 아틱그레이,Lenovo,,integrated,,,,,,680130,680130,,https://link.gmarket.co.kr/gate/pcs?item-no=2753808690&sub-id=1003&service-code=10000003&lcd=100000002
2026-07-08,지마켓,20,G마켓,애플 애플 맥북 네오 (A18 Pro) 8GB 256GB 블러시 MHFH4KH/A,Apple,,integrated,8GB,256GB,,,,1190000,1190000,,https://link.gmarket.co.kr/gate/pcs?item-no=4691520962&sub-id=1003&service-code=10000003&lcd=100000002
2026-07-08,지마켓,21,G마켓,레노버 레노버 Slim3 15ARP10 R5 256GB DOS 라이젠5 /8GB/256GB/DOS 최대60만,Lenovo,라이젠5,integrated,256GB,,,,,814000,814000,,https://link.gmarket.co.kr/gate/pcs?item-no=4772976902&sub-id=1003&service-code=10000003&lcd=100000002
2026-07-08,지마켓,22,G마켓,LG전자 LG 그램15 15Z95N 11세대 i5 8G NVME256G 윈10,LG전자,I5,integrated,,,,,,634040,634040,,https://link.gmarket.co.kr/gate/pcs?item-no=3725509826&sub-id=1003&service-code=10000003&lcd=100000002
2026-07-08,지마켓,23,G마켓,레노버 레노버 씽크패드 X1 카본 i5 8GB 사무용 인강용 중고 노트북,Lenovo,I5,integrated,8GB,,,,,310860,310860,,https://link.gmarket.co.kr/gate/pcs?item-no=4355119391&sub-id=1003&service-code=10000003&lcd=100000002
2026-07-08,지마켓,24,G마켓,삼성전자 삼성 갤럭시북5 NT751XHD-K01/B RAM16G SSD256 WIN11 Y,삼성전자,,integrated,,,WIN 11 HOME,,,1567500,1567500,,https://link.gmarket.co.kr/gate/pcs?item-no=4745167192&sub-id=1003&service-code=10000003&lcd=100000002
2026-07-08,지마켓,25,G마켓,LG전자 LG 그램 프로 16ZD90U-GX56K 인텔 팬서레이크 AI 노트북,LG전자,,integrated,,,,,,2335930,2335930,,https://link.gmarket.co.kr/gate/pcs?item-no=4646719847&sub-id=1003&service-code=10000003&lcd=100000002
2026-07-08,지마켓,26,G마켓,삼성전자 삼성 NT551XDA 11세대 i5 16G 256G 윈11 중고 노트북,삼성전자,I5,integrated,,,,,,493020,493020,,https://link.gmarket.co.kr/gate/pcs?item-no=4418273768&sub-id=1003&service-code=10000003&lcd=100000002
2026-07-08,지마켓,27,G마켓,삼성전자 삼성 갤럭시북 S NT767XCL-KC58S 정품,삼성전자,,integrated,,,,,,1345910,1345910,,https://link.gmarket.co.kr/gate/pcs?item-no=3120654364&sub-id=1003&service-code=10000003&lcd=100000002
2026-07-08,지마켓,28,G마켓,LG전자 LG 울트라PC 15U560 6세대 i5 8G SSD128+500G Win10,LG전자,I5,integrated,,,Windows,,,246510,246510,,https://link.gmarket.co.kr/gate/pcs?item-no=1692204365&sub-id=1003&service-code=10000003&lcd=100000002
2026-07-08,지마켓,29,G마켓,삼성전자 삼성 노트북 Pen S NT930SBE-K38A 정품,삼성전자,,integrated,,,,,,1774060,1774060,,https://link.gmarket.co.kr/gate/pcs?item-no=3120583747&sub-id=1003&service-code=10000003&lcd=100000002
2026-07-08,지마켓,30,G마켓,삼성전자 삼성전자 갤럭시북6 프로 NT960XJG-KC71G 그레이 무료배송,삼성전자,,integrated,,,,,,3288780,3288780,,https://link.gmarket.co.kr/gate/pcs?item-no=4754890015&sub-id=1003&service-code=10000003&lcd=100000002
2026-07-08,지마켓,31,G마켓,레노버 레노버 아이디어패드 Slim3 15ARP R5-7533HS OLED 가성비 노트북,Lenovo,,integrated,,,,,,857000,857000,,https://link.gmarket.co.kr/gate/pcs?item-no=4623684498&sub-id=1003&service-code=10000003&lcd=100000002
2026-07-08,지마켓,32,G마켓,삼성전자 갤럭시북5 NT750XHD-KC51S +한컴오피스 J5,삼성전자,,integrated,,,,,,1756550,1756550,,https://link.gmarket.co.kr/gate/pcs?item-no=4534978669&sub-id=1003&service-code=10000003&lcd=100000002
2026-07-08,지마켓,33,G마켓,LG전자 LG그램 프로360 16T95TP-KD79K 울트라7 32GB 512GB WIN11 16인치 노트북,LG전자,,integrated,32GB,512GB,WIN 11 HOME,16인치,,3299000,3299000,,https://link.gmarket.co.kr/gate/pcs?item-no=4636055293&sub-id=1003&service-code=10000003&lcd=100000002
2026-07-08,지마켓,34,G마켓,LG전자 LG 엑스노트 S550 i5 8G SSD128G WIn10,LG전자,I5,integrated,,,Windows,,,147510,147510,,https://link.gmarket.co.kr/gate/pcs?item-no=2084172428&sub-id=1003&service-code=10000003&lcd=100000002
2026-07-08,지마켓,35,G마켓,기가바이트 GIGABYTE AERO X16 AI7LEA (스페이스 그레이),Gigabyte,,integrated,,,,,,2083330,2083330,,https://link.gmarket.co.kr/gate/pcs?item-no=4650668080&sub-id=1003&service-code=10000003&lcd=100000002
2026-07-08,지마켓,36,G마켓,레노버 노트북 씽크패드 T460s 6세대 8G 256G 흰멍 커버금,Lenovo,,integrated,,,,,,181120,181120,,https://link.gmarket.co.kr/gate/pcs?item-no=3506276402&sub-id=1003&service-code=10000003&lcd=100000002
2026-07-08,지마켓,37,G마켓,레노버 레노버 Slim3 15ARP10 R5 256GB DOS 라이젠5 /8GB/256GB/DOS,Lenovo,라이젠5,integrated,256GB,,,,,814720,814720,,https://link.gmarket.co.kr/gate/pcs?item-no=4793816911&sub-id=1003&service-code=10000003&lcd=100000002
2026-07-08,지마켓,38,G마켓,삼성전자 갤럭시북6 프로 NT940XJG-K72A SSD 256GB 기본,삼성전자,,integrated,256GB,,,,,3394240,3394240,,https://link.gmarket.co.kr/gate/pcs?item-no=4696563792&sub-id=1003&service-code=10000003&lcd=100000002
2026-07-08,지마켓,39,G마켓,LG전자 LG전자 노트북 15U780 i5 8세대 16GB 512GB 윈11 15U780,LG전자,I5,integrated,16GB,512GB,,,,484110,484110,,https://link.gmarket.co.kr/gate/pcs?item-no=3962314173&sub-id=1003&service-code=10000003&lcd=100000002
2026-07-08,지마켓,40,G마켓,삼성전자 NT551EBE 8세대 i5 램16G SSD256 윈10 중고 노트북,삼성전자,I5,integrated,,,,,,367630,367630,,https://link.gmarket.co.kr/gate/pcs?item-no=2761909917&sub-id=1003&service-code=10000003&lcd=100000002
2026-07-08,지마켓,41,G마켓,삼성전자 삼성 NT300E5S i5 지포스 610M 게이밍 중고 노트북,삼성전자,I5,integrated,,,,,,152460,152460,,https://link.gmarket.co.kr/gate/pcs?item-no=4374455605&sub-id=1003&service-code=10000003&lcd=100000002
2026-07-08,지마켓,42,G마켓,삼성전자 중고 갤럭시북고 GO 노트북 14인치 NT345XLA,삼성전자,,integrated,,,,14인치,,290000,290000,,https://link.gmarket.co.kr/gate/pcs?item-no=4257486447&sub-id=1003&service-code=10000003&lcd=100000056
2026-07-08,지마켓,43,G마켓,LG그램 14Z90P i5 11세대 16G 256G W11 사무용 가벼운 중고 노트북,LG전자,I5,integrated,,,,,,708480,708480,,https://link.gmarket.co.kr/gate/pcs?item-no=4728288981&sub-id=1003&service-code=10000003&lcd=100000002
2026-07-08,지마켓,44,G마켓,LG전자 LG전자 LG그램 그램15 15ZD95U-GX5WK SSD 256GB 당일출고,LG전자,,integrated,256GB,,,,,1641500,1641500,,https://link.gmarket.co.kr/gate/pcs?item-no=4751896937&sub-id=1003&service-code=10000003&lcd=100000002
2026-07-08,지마켓,45,G마켓,삼성전자 삼성전자 갤럭시북6 프로 NT960XJG-KD72G 그레이 무료배송,삼성전자,,integrated,,,,,,4045010,4045010,,https://link.gmarket.co.kr/gate/pcs?item-no=4754894294&sub-id=1003&service-code=10000003&lcd=100000002
2026-07-08,지마켓,46,G마켓,기가바이트 기가바이트 Gaming A16 3WHD 체감가 210만 라이젠 AMD R7 지포스 RTX5070 16GB 512GB QHD 게이밍 노트북,Gigabyte,,RTX5070,16GB,512GB,,,,2699140,2699140,,https://link.gmarket.co.kr/gate/pcs?item-no=4468443188&sub-id=1003&service-code=10000003&lcd=100000002
2026-07-08,지마켓,47,G마켓,GPD WIN MINI 2025 7인치 플립 휴대용 게임 R9 HX370,,,integrated,,,Windows,,,1360890,1360890,,https://link.gmarket.co.kr/gate/pcs?item-no=4758587867&sub-id=1003&service-code=10000003&lcd=100000091
2026-07-08,지마켓,48,G마켓,삼성전자 hp 15-g014AU(E1 2100 4GB 64GB SSD 15.6 HD)-Win7,삼성전자,,integrated,4GB,64GB,Windows,,,96000,96000,,https://link.gmarket.co.kr/gate/pcs?item-no=4787786692&sub-id=1003&service-code=10000003&lcd=100000002
2026-07-08,지마켓,49,G마켓,LG전자 LG그램 프로 17Z90U-GS59K 2026 신모델 인텔 팬서레이크 AI 노트북,LG전자,,integrated,,,,,,3207000,3207000,,https://link.gmarket.co.kr/gate/pcs?item-no=4663312174&sub-id=1003&service-code=10000003&lcd=100000002
2026-07-08,지마켓,50,G마켓,LG전자 LG전자 LG그램프로 17 17Z90U-GU7BK SSD 512GB 기본구성 모델,LG전자,,integrated,512GB,,,,,4900000,4900000,,https://link.gmarket.co.kr/gate/pcs?item-no=4760649921&sub-id=1003&service-code=10000003&lcd=100000002
2026-07-08,지마켓,51,G마켓,삼성전자 삼성 갤럭시북2 프로360 NT950QED-KC71S SSD1TB변경,삼성전자,,integrated,,1TB,,,,2129690,2129690,,https://link.gmarket.co.kr/gate/pcs?item-no=3120552989&sub-id=1003&service-code=10000003&lcd=100000002
2026-07-08,지마켓,52,G마켓,삼성전자 삼성 중고 노트북 NT900X3G i5 WIN10 가벼운 사무용,삼성전자,I5,integrated,,,Windows,,,231660,231660,,https://link.gmarket.co.kr/gate/pcs?item-no=3878932378&sub-id=1003&service-code=10000003&lcd=100000002
2026-07-08,지마켓,53,G마켓,LG전자 LG전자 LG그램프로 17 17Z90U-GU7CK SSD 1TB 교체 모델,LG전자,,integrated,,1TB,,,,4850000,4850000,,https://link.gmarket.co.kr/gate/pcs?item-no=4760648599&sub-id=1003&service-code=10000003&lcd=100000002
2026-07-08,지마켓,54,G마켓,삼성전자 삼성전자 NT551XDA 11세대 i5 16GB NVME 512GB Win10,삼성전자,I5,integrated,16GB,512GB,WIN 11 HOME,,,571330,571330,,https://link.gmarket.co.kr/gate/pcs?item-no=3642347564&sub-id=1003&service-code=10000003&lcd=100000002
2026-07-08,지마켓,55,G마켓,MSI MSI GF76 HX B14WFK-i7 QHD/ 윈11 /마우스 /재고보유,MSI,I7,integrated,,,,,,1804200,1804200,,https://link.gmarket.co.kr/gate/pcs?item-no=4481539354&sub-id=1003&service-code=10000003&lcd=100000002
2026-07-08,지마켓,56,G마켓,삼성전자 삼성전자 갤럭시북6 프로 NT960XJG-KC51G 16GB SSD 512GB,삼성전자,,integrated,16GB,512GB,,,,2829840,2829840,,https://link.gmarket.co.kr/gate/pcs?item-no=4732766024&sub-id=1003&service-code=10000003&lcd=100000002
2026-07-08,지마켓,57,G마켓,MI 레노버 LOQ 15ARP10E 83S000E3KR RAM 32GB,Lenovo,,integrated,32GB,,,,,1693830,1693830,,https://link.gmarket.co.kr/gate/pcs?item-no=4758387229&sub-id=1003&service-code=10000003&lcd=100000002
2026-07-08,지마켓,58,G마켓,MI 레노버 씽크북 16AHP G9 R7 AI WIN11,Lenovo,,integrated,,,WIN 11 HOME,,,1371020,1371020,,https://link.gmarket.co.kr/gate/pcs?item-no=4759672762&sub-id=1003&service-code=10000003&lcd=100000002
2026-07-08,지마켓,59,G마켓,삼성 노트북 NT551XDA 2.5인치 HDD SDD 브라켓 가이드,삼성전자,,integrated,,,,,,6900,6900,,https://link.gmarket.co.kr/gate/pcs?item-no=4448325126&sub-id=1003&service-code=10000003&lcd=100000002
2026-07-08,지마켓,60,G마켓,LG그램 프로 16ZD90U-GX56K 16GB 기본256GB 인텔 4xe U5 화이트,LG전자,,integrated,16GB,256GB,,,,2420710,2420710,,https://link.gmarket.co.kr/gate/pcs?item-no=4708708197&sub-id=1003&service-code=10000003&lcd=100000002
2026-07-08,지마켓,61,G마켓,델 XPS 13 9350 Ultra5 226V Arc그래픽 16GB 512GB FHD+ W11H,Dell,ULTRA5 226V,Intel Arc,16GB,512GB,,,,1965000,1965000,,https://link.gmarket.co.kr/gate/pcs?item-no=4707068699&sub-id=1003&service-code=10000003&lcd=100000002
2026-07-08,지마켓,62,G마켓,LG전자 LG 15UD40Q-GX50K WIN10PRO SSD512G변경/정품,LG전자,,integrated,,,Windows,,,1112560,1112560,,https://link.gmarket.co.kr/gate/pcs?item-no=3122208083&sub-id=1003&service-code=10000003&lcd=100000002
2026-07-08,지마켓,63,G마켓,도시바 도시바 M600 노트북 윈도우 XP XP용 업무용 테스트용,키오시아,,integrated,,,,,,155000,155000,,https://link.gmarket.co.kr/gate/pcs?item-no=1656137970&sub-id=1003&service-code=10000003&lcd=100000002
2026-07-08,지마켓,64,G마켓,삼성전자 삼성 오디세이 NT850XCJ-Y78A 정품,삼성전자,,integrated,,,,,,2974260,2974260,,https://link.gmarket.co.kr/gate/pcs?item-no=3120591661&sub-id=1003&service-code=10000003&lcd=100000002
2026-07-08,지마켓,65,G마켓,삼성 NT200B5B i5-2420M 4G SSD250 윈도우 XP,삼성전자,I5-2420M,integrated,,,,,,235000,235000,,https://link.gmarket.co.kr/gate/pcs?item-no=4732190199&sub-id=1003&service-code=10000003&lcd=100000002
2026-07-08,지마켓,66,G마켓,삼성전자 갤럭시북5 Pro NT940XHA-KP72S +한컴오피스 J5,삼성전자,,integrated,,,,,,2888950,2888950,,https://link.gmarket.co.kr/gate/pcs?item-no=4292993485&sub-id=1003&service-code=10000003&lcd=100000002
2026-07-08,지마켓,67,G마켓,MSI MSI 사이보그 15 B2RWEKG-C5/윈11 SSD1T교체/재고보유,MSI,,integrated,,,,,,1393890,1393890,,https://link.gmarket.co.kr/gate/pcs?item-no=4715888810&sub-id=1003&service-code=10000003&lcd=100000002
2026-07-08,지마켓,68,G마켓,갤럭시북5 Pro 360 NT960QHA-KT72G +한컴오피스 J5,삼성전자,,integrated,,,,,,2878500,2878500,,https://link.gmarket.co.kr/gate/pcs?item-no=4534979539&sub-id=1003&service-code=10000003&lcd=100000002
2026-07-08,지마켓,69,G마켓,삼성전자 삼성 NT551EBE 8세대 i5 램8G SSD256 윈10 중고 노트북,삼성전자,I5,integrated,,,,,,325710,325710,,https://link.gmarket.co.kr/gate/pcs?item-no=2750549159&sub-id=1003&service-code=10000003&lcd=100000002
2026-07-08,지마켓,70,G마켓,MSI MSI 사이보그 15 B2RWFKG-C7 윈11 램32G교체/재고보유,MSI,,integrated,,,,,,1935150,1935150,,https://link.gmarket.co.kr/gate/pcs?item-no=4720961381&sub-id=1003&service-code=10000003&lcd=100000002
2026-07-08,지마켓,71,G마켓,삼성전자 삼성 노트북 5 NT551EAA 8세대 인텔i5 램8G SSD256 윈10,삼성전자,,integrated,,,,,,323080,323080,,https://link.gmarket.co.kr/gate/pcs?item-no=2621483313&sub-id=1003&service-code=10000003&lcd=100000002
2026-07-08,지마켓,72,G마켓,레노버 LENOVO 리퍼 노트북 ThinkPad X1 Carbon 인텔10세대 i5-10210U 16G NVMe256G UHD 윈도우11 14인치 터치스크린,Lenovo,I5-10210U,integrated,,,,14인치,,473100,473100,,https://link.gmarket.co.kr/gate/pcs?item-no=4404483890&sub-id=1003&service-code=10000003&lcd=100000002
2026-07-08,지마켓,73,G마켓,2025 애플 맥북 에어 M4 칩 13인치 16GB 램 512GB SSD 저장장치 실버 비시,Apple,,integrated,16GB,512GB,,13인치,,1701250,1701250,,https://link.gmarket.co.kr/gate/pcs?item-no=4790628852&sub-id=1003&service-code=10000003&lcd=100000002
2026-07-08,지마켓,74,G마켓,삼성전자 삼성 갤럭시북고 노트북 미개봉 새상품 NT345XLA,삼성전자,,integrated,,,,,,793490,793490,,https://link.gmarket.co.kr/gate/pcs?item-no=3932144832&sub-id=1003&service-code=10000003&lcd=100000002
2026-07-08,지마켓,75,G마켓,삼성전자 삼성전자 갤럭시북4 NT750XGR-A51A WIN11 (SSD 512GB),삼성전자,,integrated,512GB,,WIN 11 HOME,,,1277000,1277000,,https://link.gmarket.co.kr/gate/pcs?item-no=4284439485&sub-id=1003&service-code=10000003&lcd=100000002
2026-07-08,지마켓,76,G마켓,애플 맥북 프로 2020 13인치 i7 A2251 16GB 512GB SSD 스페이스그레이,Apple,I7,integrated,16GB,512GB,,13인치,,549000,549000,,https://link.gmarket.co.kr/gate/pcs?item-no=4785076875&sub-id=1003&service-code=10000003&lcd=100000002
2026-07-08,지마켓,77,G마켓,삼성전자 삼성 아티브북9 NT900X3G 인텔 i5 램4G SSD128G Win10 사무용,삼성전자,I5,integrated,,,Windows,,,197010,197010,,https://link.gmarket.co.kr/gate/pcs?item-no=3004118271&sub-id=1003&service-code=10000003&lcd=100000002
2026-07-08,지마켓,78,G마켓,삼성전자 삼성전자 노트북 플러스 NT550XCJ-K58WA /IR,삼성전자,,integrated,,,,,,1813190,1813190,,https://link.gmarket.co.kr/gate/pcs?item-no=2677559014&sub-id=1003&service-code=10000003&lcd=100000002
2026-07-08,지마켓,79,G마켓,삼성전자 삼성전자 갤럭시북6 프로 NT960XJG-KL72G 32GB SSD 512GB,삼성전자,,integrated,32GB,512GB,,,,3669000,3669000,,https://link.gmarket.co.kr/gate/pcs?item-no=4732422560&sub-id=1003&service-code=10000003&lcd=100000002
2026-07-08,지마켓,80,G마켓,삼성전자 삼성전자 갤럭시북6 프로 NT960XJG-KD72S 실버 무료배송,삼성전자,,integrated,,,,,,4094640,4094640,,https://link.gmarket.co.kr/gate/pcs?item-no=4754898875&sub-id=1003&service-code=10000003&lcd=100000002
2026-07-08,지마켓,81,G마켓,삼성전자 NE 삼성전자 갤럭시북2 NT550XEZ-A58A Windows 11 설치,삼성전자,,integrated,,,WIN 11 HOME,,,1292530,1292530,,https://link.gmarket.co.kr/gate/pcs?item-no=3288622128&sub-id=1003&service-code=10000003&lcd=100000002
2026-07-08,지마켓,82,G마켓,삼성전자 삼성스토어 삼성전자 갤럭시북6프로 NT960XJG-KC71S SSD 2T교체+한컴,삼성전자,,integrated,,,,,,3970940,3970940,,https://link.gmarket.co.kr/gate/pcs?item-no=4732657905&sub-id=1003&service-code=10000003&lcd=100000002
2026-07-08,지마켓,83,G마켓,삼성전자 삼성 아티브북9 NT911S5K 5세대 i5 4G SSD128G 윈10,삼성전자,I5,integrated,,,,,,229000,229000,,https://link.gmarket.co.kr/gate/pcs?item-no=3163365664&sub-id=1003&service-code=10000003&lcd=100000002
2026-07-08,지마켓,84,G마켓,삼성전자 갤럭시북5 NT750XHD-KC58S +한컴오피스 J5,삼성전자,,integrated,,,,,,1396500,1396500,,https://link.gmarket.co.kr/gate/pcs?item-no=4534984960&sub-id=1003&service-code=10000003&lcd=100000002
2026-07-08,지마켓,85,G마켓,삼성전자 삼성전자 갤럭시북6 NT740 14형 (14형 U5 윈도우 11 AI 노트북 ),삼성전자,,integrated,,,,14형,,2299000,2299000,,https://link.gmarket.co.kr/gate/pcs?item-no=4713399967&sub-id=1003&service-code=10000003&lcd=100000002
2026-07-08,지마켓,86,G마켓,LG전자 LG 울트라PC 15UB470 6세대 i5 8GB SSD128G 윈도우10,LG전자,I5,integrated,8GB,,,,,246510,246510,,https://link.gmarket.co.kr/gate/pcs?item-no=2378125715&sub-id=1003&service-code=10000003&lcd=100000002
2026-07-08,지마켓,87,G마켓,Apple 맥북에어 M1 8GB 256GB 8코어 A2337 13인치 노트북,Apple,,integrated,8GB,256GB,,13인치,,950210,950210,,https://link.gmarket.co.kr/gate/pcs?item-no=4540953562&sub-id=1003&service-code=10000003&lcd=100000002
2026-07-08,지마켓,88,G마켓,삼성전자 삼성전자 갤럭시북5 프로 NT960XHZ-AD52G WIN11 (SSD 1TB),삼성전자,,integrated,,1TB,WIN 11 HOME,,,3552100,3552100,,https://link.gmarket.co.kr/gate/pcs?item-no=4690895992&sub-id=1003&service-code=10000003&lcd=100000002
2026-07-08,지마켓,89,G마켓,삼성전자 삼성 갤럭시북 프로360 NT930QDB-KC52G 정품,삼성전자,,integrated,,,,,,1851610,1851610,,https://link.gmarket.co.kr/gate/pcs?item-no=3120555317&sub-id=1003&service-code=10000003&lcd=100000002
2026-07-08,지마켓,90,G마켓,삼성전자 삼성 노트북 NT301E5C I5 8G SSD256 WIN10,삼성전자,I5,integrated,,,Windows,,,195020,195020,,https://link.gmarket.co.kr/gate/pcs?item-no=2011850870&sub-id=1003&service-code=10000003&lcd=100000002
2026-07-08,지마켓,91,G마켓,삼성전자 삼성전자 갤럭시북5 프로360 NT960QHA-KD72S 32GB SSD1TB,삼성전자,,integrated,32GB,1TB,,,,4900000,4900000,,https://link.gmarket.co.kr/gate/pcs?item-no=4427494720&sub-id=1003&service-code=10000003&lcd=100000002
2026-07-08,지마켓,92,G마켓,레노버 레노버 아이디어패드 Slim3 15IRU8 82X700HWKR WIN11 (SSD 512GB),Lenovo,,integrated,512GB,,WIN 11 HOME,,,650000,650000,,https://link.gmarket.co.kr/gate/pcs?item-no=4708163526&sub-id=1003&service-code=10000003&lcd=100000002
2026-07-08,지마켓,93,G마켓,LG전자 LG 울트라PC 15UB470 i7 16G 512G 지포스그래픽 Win10,LG전자,I7,integrated,,,Windows,,,489020,489020,,https://link.gmarket.co.kr/gate/pcs?item-no=2694672762&sub-id=1003&service-code=10000003&lcd=100000002
2026-07-08,지마켓,94,G마켓,레노버 Lenovo LOQ 15AHP10 R7 5060 (WIN11) / rion,Lenovo,,integrated,,,WIN 11 HOME,,,1738500,1738500,,https://link.gmarket.co.kr/gate/pcs?item-no=4540981445&sub-id=1003&service-code=10000003&lcd=100000002
2026-07-08,지마켓,95,G마켓,LG전자 LG그램 프로 17ZD90U-GX79K 2026 그램17 AI 노트북,LG전자,,integrated,,,,,,3280600,3280600,,https://link.gmarket.co.kr/gate/pcs?item-no=4663310438&sub-id=1003&service-code=10000003&lcd=100000002
2026-07-08,지마켓,96,G마켓,삼성전자 노트북 5 NT550EAZ-A038B /IR,삼성전자,,integrated,,,,,,1568630,1568630,,https://link.gmarket.co.kr/gate/pcs?item-no=2681876061&sub-id=1003&service-code=10000003&lcd=100000002
2026-07-08,지마켓,97,G마켓,삼성전자 NT760VJT-A71A 삼성 갤럭시북6 울트라7 16GB 1TB 노트북,삼성전자,,integrated,16GB,1TB,,,,2585060,2585060,,https://link.gmarket.co.kr/gate/pcs?item-no=4763464048&sub-id=1003&service-code=10000003&lcd=100000002
2026-07-08,지마켓,98,G마켓,LG전자 LG 15U560 i5-6300U 8G SSD256G 지포스940M Win10,LG전자,I5-6300U,integrated,,,Windows,,,296010,296010,,https://link.gmarket.co.kr/gate/pcs?item-no=1770159380&sub-id=1003&service-code=10000003&lcd=100000002
2026-07-08,지마켓,99,G마켓,LG전자 LG 15UD40N-GX36K SSD512GB교체/정품,LG전자,,integrated,512GB,,,,,904990,904990,,https://link.gmarket.co.kr/gate/pcs?item-no=3122308661&sub-id=1003&service-code=10000003&lcd=100000002
2026-07-08,지마켓,100,G마켓,LG전자 LG 15UD40N-GX76K WIN10설치 정품,LG전자,,integrated,,,Windows,,,1075510,1075510,,https://link.gmarket.co.kr/gate/pcs?item-no=3122247162&sub-id=1003&service-code=10000003&lcd=100000002
2026-07-08,네이버,1,네이버,"LG전자 LG그램 14ZD95U-GX56K RAM 16GB, 256GB",LG전자,,integrated,16GB,256GB,,,,1512000,1512000,,https://search.shopping.naver.com/catalog/58488180590
2026-07-08,네이버,2,삼성공식파트너 코인비엠에스,삼성 갤럭시북 인강용 사무용 윈도우11 저가 싼 노트북 기본팩,삼성전자,,integrated,,,,,,498000,498000,,https://smartstore.naver.com/main/products/10407884292
2026-07-08,네이버,3,베이직스 스토어,베이직북16 사무용 가벼운 노트북 인강용 업무용 영상편집 윈도우11 16GB/512GB,Basics,,integrated,16GB,512GB,,,,858000,858000,,https://smartstore.naver.com/main/products/11149376385
2026-07-08,네이버,4,네이버,"삼성전자 갤럭시북5 프로 노트북 NT960XHA-K71AR 32GB, 1TB",삼성전자,,integrated,32GB,1TB,,,,3998000,3998000,,https://search.shopping.naver.com/catalog/53018472231
2026-07-08,네이버,5,베이직스 스토어,베이직북16 Pro 노트북 사무용 업무용 가벼운 영상편집 게이밍 16GB/512GB,Basics,,integrated,16GB,512GB,,,,998000,998000,,https://smartstore.naver.com/main/products/12954624034
2026-07-08,네이버,6,제이 씨앤에스,레노버 노트북 슬림3 라이젠 R5 WUXGA win11 포토샵 사무용 인강용 대학생,Lenovo,,integrated,,,WIN 11 HOME,,,679000,679000,,https://smartstore.naver.com/main/products/9984164470
2026-07-08,네이버,7,네이버,"삼성전자 갤럭시북4 NT750XGR-A71A 16GB, 512GB",삼성전자,,integrated,16GB,512GB,,,,1448000,1448000,,https://search.shopping.naver.com/catalog/52646775138
2026-07-08,네이버,8,베이직스 스토어,베이직북14 사무용 가벼운 노트북 인강용 업무용 저가 싼 윈도우11 16GB/512GB,Basics,,integrated,16GB,512GB,,,,758000,758000,,https://smartstore.naver.com/main/products/11341640636
2026-07-08,네이버,9,노트북전문파트너점,HP 주식용 노트북 AMD R5 8GB 256GB WIN11 저렴한 휴대용 사무용 대학생용,HP,,integrated,8GB,256GB,WIN 11 HOME,,,629000,629000,,https://smartstore.naver.com/main/products/12375856351
2026-07-08,네이버,10,온라인총판대리점,LG그램 노트북 15 인텔 i5 16GB 256GB 가벼운 대학생 포토샵 엘지 노트북,LG전자,I5,integrated,16GB,256GB,,,,1499000,1499000,,https://smartstore.naver.com/main/products/8523886424
2026-07-08,네이버,11,네이버,"LG전자 LG그램 15ZD95U-GX56K RAM 16GB, 512GB",LG전자,,integrated,16GB,512GB,,,,1761790,1761790,,https://search.shopping.naver.com/catalog/58488120092
2026-07-08,네이버,12,네이버,"LG전자 LG그램 노트북 14ZD95U-GX59K RAM 32GB, 1TB",LG전자,,integrated,32GB,1TB,,,,1991940,1991940,,https://search.shopping.naver.com/catalog/59387849996
2026-07-08,네이버,13,네이버,"삼성전자 갤럭시북4 프로 NT940XGQ-A51A 16GB, 256GB",삼성전자,,integrated,16GB,256GB,,,,1649000,1649000,,https://search.shopping.naver.com/catalog/52646663819
2026-07-08,네이버,14,창이로운,ASUS 노트북 비보북15 라이젠5 8GB 256GB 윈도우11 대학생 인강용 사무용,ASUS,라이젠5,integrated,8GB,256GB,,,,599000,599000,,https://smartstore.naver.com/main/products/11577222869
2026-07-08,네이버,15,온라인총판대리점,LG그램 2026 노트북 인텔 팬서레이크 Ultra5 16GB 256GB 사무용 인강용,LG전자,,integrated,16GB,256GB,,,,1699000,1699000,,https://smartstore.naver.com/main/products/9091504708
2026-07-08,네이버,16,네이버,"삼성전자 갤럭시북6 프로 NT960XJG-K72A RAM 32GB, 256GB",삼성전자,,integrated,32GB,256GB,,,,3594990,3594990,,https://search.shopping.naver.com/catalog/58766600963
2026-07-08,네이버,17,창이로운,레노버 노트북 슬림3 라이젠5 8GB SSD256GB 윈도우11 대학생 인강용 사무용,Lenovo,라이젠5,integrated,8GB,256GB,,,,679000,679000,,https://smartstore.naver.com/main/products/10404517814
2026-07-08,네이버,18,카인드스토어몰,HP 노트북 사무용 포토샵 대학생 직장인 사무용 가벼운 인강용 기본 8GB 256GB win11,HP,,integrated,8GB,256GB,WIN 11 HOME,,,619000,619000,,https://smartstore.naver.com/main/products/9433755618
2026-07-08,네이버,19,네이버,"LG전자 LG그램 14ZD95U-GX5WK RAM 16GB, 256GB",LG전자,,integrated,16GB,256GB,,,,1503000,1503000,,https://search.shopping.naver.com/catalog/58767810454
2026-07-08,네이버,20,네이버,"삼성전자 갤럭시북5 프로 NT960XHA-K51A 16GB, 256GB",삼성전자,,integrated,16GB,256GB,,,,2288730,2288730,,https://search.shopping.naver.com/catalog/53018484299
2026-07-08,네이버,21,네이버,"삼성전자 갤럭시북5 프로360 NT960QHA-K71AR 32GB, 1TB",삼성전자,,integrated,32GB,1TB,,,,3292990,3292990,,https://search.shopping.naver.com/catalog/53598611631
2026-07-08,네이버,22,카인드스토어몰,ASUS 노트북 라이젠5 AI 8GB NVMe256GB win11 업무용 영상편집 사무용 대학생 인강용,ASUS,라이젠5,integrated,8GB,256GB,WIN 11 HOME,,,599000,599000,,https://smartstore.naver.com/main/products/11859352437
2026-07-08,네이버,23,LG전자인증점 티앤티정보,LG그램 14 노트북 팬서레이크 울트라5 16GB 256GB 사무용 대학생,LG전자,,integrated,16GB,256GB,,,,2050000,2050000,,https://smartstore.naver.com/main/products/9686355795
2026-07-08,네이버,24,노트북전문파트너점,ASUS 비보북 AMD R5 150 8GB 256GB Win11 노트북 주식 사무용 대학생,ASUS,,integrated,8GB,256GB,WIN 11 HOME,,,599000,599000,,https://smartstore.naver.com/main/products/13269269353
2026-07-08,네이버,25,LG전자인증점 베스트CNF,[Win11탑재] LG그램북 16 AMD 라이젠 AI 5 대학생 직장인 노트북 코파일럿PC,LG전자,,integrated,,,WIN 11 HOME,,,1680000,1680000,,https://smartstore.naver.com/main/products/8746609067
2026-07-08,네이버,26,네이버,"LG전자 LG그램 15ZD90U-GX56K RAM 16GB, 256GB",LG전자,,integrated,16GB,256GB,,,,1848820,1848820,,https://search.shopping.naver.com/catalog/58783093358
2026-07-08,네이버,27,네이버,"LG전자 그램 프로 16ZD95U-GX56K 16GB, 256GB",LG전자,,integrated,16GB,256GB,,,,2322000,2322000,,https://search.shopping.naver.com/catalog/58509823828
2026-07-08,네이버,28,네이버,"LG전자 LG그램 15ZD95U-GX5WK RAM 16GB, 256GB",LG전자,,integrated,16GB,256GB,,,,1655940,1655940,,https://search.shopping.naver.com/catalog/58980669363
2026-07-08,네이버,29,네이버,"LG전자 그램북 16U55U-GS5CK 16GB, 256GB",LG전자,,integrated,16GB,256GB,,,,1483280,1483280,,https://search.shopping.naver.com/catalog/60026597670
2026-07-08,네이버,30,네이버,"삼성전자 갤럭시북6 NT760VJT-A71A 16GB, 512GB",삼성전자,,integrated,16GB,512GB,,,,2148000,2148000,,https://search.shopping.naver.com/catalog/59558974325
2026-07-08,네이버,31,네이버,"LG전자 그램북 15UD50U-GX5JK RAM 8GB, 256GB",LG전자,,integrated,8GB,256GB,,,,955990,955990,,https://search.shopping.naver.com/catalog/58488118409
2026-07-08,네이버,32,네이버,"Apple 맥북 에어 15 2026년 M5 CPU 10코어/ GPU 10코어 RAM 16GB, 512GB",Apple,,integrated,16GB,512GB,,,,2440200,2440200,,https://search.shopping.naver.com/catalog/59142358555
2026-07-08,네이버,33,네이버,"삼성전자 갤럭시북4 노트북 NT750XGR-A51A 16GB, 256GB",삼성전자,,integrated,16GB,256GB,,,,1197990,1197990,,https://search.shopping.naver.com/catalog/52631236642
2026-07-08,네이버,34,베이직스 스토어,베이직스 베이직북 MS office 16 Pro 사무용 업무용 고사양 노트북 16/512,Basics,,integrated,,,,,,1128000,1128000,,https://smartstore.naver.com/main/products/13110930712
2026-07-08,네이버,35,LG전자인증점 이좋은세상,LG 그램 프로 17 외장그래픽 RTX5050 노트북 가벼운 고사양 디자인 영상편집 32GB,LG전자,,RTX5050,32GB,,,,,3799000,3799000,,https://smartstore.naver.com/main/products/7965178425
2026-07-08,네이버,36,제이 씨앤에스,LG전자 2026 그램북 노트북 Ai 사무용 대학생 WUXGA 16GB NVMe256GB,LG전자,,integrated,16GB,256GB,,,,1299000,1299000,,https://smartstore.naver.com/main/products/6174236911
2026-07-08,네이버,37,네이버,"LG전자 그램 프로 16ZD90U-GX56K RAM 16GB, 256GB",LG전자,,integrated,16GB,256GB,,,,2322000,2322000,,https://search.shopping.naver.com/catalog/58768005169
2026-07-08,네이버,38,네이버,"LG전자 그램 프로 17ZD90U-GX79K RAM 32GB, 1TB",LG전자,,integrated,32GB,1TB,,,,3358940,3358940,,https://search.shopping.naver.com/catalog/60038744881
2026-07-08,네이버,39,네이버,"LG전자 LG그램 17ZD90TL-GX79K RAM 32GB, 256GB",LG전자,,integrated,32GB,256GB,,,,2399000,2399000,,https://search.shopping.naver.com/catalog/58488118619
2026-07-08,네이버,40,네이버,"삼성전자 갤럭시북3 Go NT345XPA-K14A 4GB, 128GB",삼성전자,,integrated,4GB,128GB,,,,498000,498000,,https://search.shopping.naver.com/catalog/52647383677
2026-07-08,네이버,41,네이버,"삼성전자 갤럭시북6 울트라 노트북 NT960UJH-X72A RAM 32GB, 1TB",삼성전자,,integrated,32GB,1TB,,,,5110040,5110040,,https://search.shopping.naver.com/catalog/58766611004
2026-07-08,네이버,42,네이버,"삼성전자 갤럭시 북5 NT750XHW-A51A RAM 16GB, 256GB",삼성전자,,integrated,16GB,256GB,,,,1498000,1498000,,https://search.shopping.naver.com/catalog/58176897915
2026-07-08,네이버,43,스피드썬,2026년 레노버 노트북 V15 고성능 사무용 가성비 노트북 인텔코어i5 16G램 DDR5,Lenovo,,integrated,,,,,,879000,879000,,https://smartstore.naver.com/main/products/10498775122
2026-07-08,네이버,44,네이버,"삼성전자 갤럭시북6 프로 NT960XJG-K51A 16GB, 256GB",삼성전자,,integrated,16GB,256GB,,,,2949000,2949000,,https://search.shopping.naver.com/catalog/58967163820
2026-07-08,네이버,45,LG전자인증점 이좋은세상,LG 그램 17 울트라5 사무용 업무용 대학생 인강용 가벼운 노트북 휴대용 슬림 대화면,LG전자,,integrated,,,,,,1877000,1877000,,https://smartstore.naver.com/main/products/7965245092
2026-07-08,네이버,46,온라인총판대리점,LG그램 노트북 2026 AMD AI 고르곤포인트 16GB 256GB 업무용 사무용 인강용,LG전자,,integrated,16GB,256GB,,,,1599000,1599000,,https://smartstore.naver.com/main/products/12453578482
2026-07-08,네이버,47,네이버,"삼성전자 갤럭시북6 프로 NT960XJG-K52A 32GB, 256GB",삼성전자,,integrated,32GB,256GB,,,,3439000,3439000,,https://search.shopping.naver.com/catalog/59044766684
2026-07-08,네이버,48,LG전자인증점 이좋은세상,LG 그램 17 AI 노트북 인텔 울트라5 고성능 가벼운 사무용 대학생 프리도스 16G,LG전자,,integrated,,,,,,2099000,2099000,,https://smartstore.naver.com/main/products/11386783127
2026-07-08,네이버,49,베이직스 스토어,베이직북14 사무용 가벼운 노트북 업무용 인강용 싼 저가 윈도우11 8GB/256GB,Basics,,integrated,8GB,256GB,,,,598000,598000,,https://smartstore.naver.com/main/products/6873474215
2026-07-08,네이버,50,네이버,"삼성전자 갤럭시북4 엣지 NT750XQA-K02A 16GB, 512GB",삼성전자,,integrated,16GB,512GB,,,,1648950,1648950,,https://search.shopping.naver.com/catalog/54044908049
2026-07-08,네이버,51,네이버,"Apple 맥북 프로 14 2026년 M5 Pro CPU 15코어/ GPU 16코어 RAM 24GB, 1TB",Apple,,integrated,24GB,1TB,,,,4024740,4024740,,https://search.shopping.naver.com/catalog/59142358542
2026-07-08,네이버,52,네이버,"삼성전자 갤럭시북5 프로 NT960XHA-K52A 32GB, 256GB",삼성전자,,integrated,32GB,256GB,,,,2848700,2848700,,https://search.shopping.naver.com/catalog/53018484446
2026-07-08,네이버,53,네이버,"마이크로소프트 서피스 프로 12인치 스냅드래곤 X 플러스 8코어 RAM 16GB, 256GB",Microsoft,스냅드래곤 X,integrated,16GB,256GB,,12인치,,1720120,1720120,,https://search.shopping.naver.com/catalog/58176388644
2026-07-08,네이버,54,수인 스토어,HP 오멘 16 게이밍 노트북 인텔 i7 RTX5070 그래픽작업용 게임용 학생 인터넷 강의용 고성능 노트북,HP,I7,RTX5070,,,,,,2399000,2399000,,https://smartstore.naver.com/main/products/7123493916
2026-07-08,네이버,55,-저스트필-,[대여] 게이밍 노트북 렌탈 임대 렌트 사무용 단기 초고사양 노트북 1일,MSI,,integrated,,,,,,9000,9000,,https://smartstore.naver.com/main/products/6725769045
2026-07-08,네이버,56,네이버,"삼성전자 갤럭시북4 NT750XGR-A28A, 256GB",삼성전자,,integrated,256GB,,,,,799000,799000,,https://search.shopping.naver.com/catalog/57411411092
2026-07-08,네이버,57,네이버,"삼성전자 갤럭시북6 프로 NT940XJG-K72A 32GB, 256GB",삼성전자,,integrated,32GB,256GB,,,,3361940,3361940,,https://search.shopping.naver.com/catalog/59015370714
2026-07-08,네이버,58,네이버,"삼성전자 갤럭시북4 엣지 NT750XQB-KC01B RAM 16GB, 256GB",삼성전자,,integrated,16GB,256GB,,,,1349000,1349000,,https://search.shopping.naver.com/catalog/58176066987
2026-07-08,네이버,59,매일가전솔루션,삼성 노트북 갤럭시북4 인텔 i3 8G 256G 대학생 가성비 사무용 노트북,삼성전자,I3,integrated,,,,,,789000,789000,,https://smartstore.naver.com/main/products/11648804342
2026-07-08,네이버,60,다원누리스토어,ASUS 비보북15 라이젠 R5 윈도우11 재택근무 싼 노트북,ASUS,,integrated,,,,,,599000,599000,,https://smartstore.naver.com/main/products/12453213442
2026-07-08,네이버,61,네이버,"삼성전자 갤럭시 북5 NT750XHW-A71A 16GB, 256GB",삼성전자,,integrated,16GB,256GB,,,,1699000,1699000,,https://search.shopping.naver.com/catalog/58146776552
2026-07-08,네이버,62,LG전자인증점 이좋은세상,2026 LG 그램 14 14ZD95U-GX56K AI 노트북 AMD 라이젠5 16GB 초경량,LG전자,라이젠5,integrated,16GB,,,,,1877000,1877000,,https://smartstore.naver.com/main/products/12798844156
2026-07-08,네이버,63,삼성공식파트너 코인비엠에스,삼성전자 갤럭시북4 NT750XGR-A71A 대학생 사무용 업무용 i7 노트북,삼성전자,I7,integrated,,,,,,1448000,1448000,,https://smartstore.naver.com/main/products/10093514318
2026-07-08,네이버,64,삼성공식파트너 엔씨디지텍,삼성전자 갤럭시북4 프로 NT940XGQ-A51A 가벼운 대학생 노트북,삼성전자,,integrated,,,,,,1649000,1649000,,https://smartstore.naver.com/main/products/9676864070
2026-07-08,네이버,65,네이버,"삼성전자 갤럭시북4 삼성 노트북 NT750XGR-A58A 8GB, 256GB",삼성전자,,integrated,8GB,256GB,,,,999000,999000,,https://search.shopping.naver.com/catalog/53902502628
2026-07-08,네이버,66,네이버,"Apple 맥북 네오 A18 Pro CPU 6코어/ GPU 5코어 RAM 8GB, 256GB",Apple,,integrated,8GB,256GB,,,,1154300,1154300,,https://search.shopping.naver.com/catalog/59153094780
2026-07-08,네이버,67,네이버,"삼성전자 갤럭시북6 프로 NT940XJG-K51A 16GB, 256GB",삼성전자,,integrated,16GB,256GB,,,,2775000,2775000,,https://search.shopping.naver.com/catalog/59049130816
2026-07-08,네이버,68,LG전자인증점 노트북랜드,LG그램 Pro AI 16ZD95U-GX56K R5 16GB 대학생 노트북 그램케어 1년,LG전자,,integrated,16GB,,,,,2322000,2322000,,https://smartstore.naver.com/main/products/12848925685
2026-07-08,네이버,69,LG전자인증점 이좋은세상,2026 LG 그램 14 14ZD95U-GX59K AI 노트북 AMD 라이젠5 32GB 초경량,LG전자,라이젠5,integrated,32GB,,,,,2044000,2044000,,https://smartstore.naver.com/main/products/12798849282
2026-07-08,네이버,70,네이버,"삼성전자 갤럭시북5 프로 노트북 NT940XHA-K51A 16GB, 256GB",삼성전자,,integrated,16GB,256GB,,,,2148890,2148890,,https://search.shopping.naver.com/catalog/53599810243
2026-07-08,네이버,71,LG전자인증점 노트북랜드,LG그램 Pro AI 16ZD90U-GX56K 4xe 16GB 대학생 노트북 그램케어 1년,LG전자,,integrated,16GB,,,,,2322000,2322000,,https://smartstore.naver.com/main/products/12966993761
2026-07-08,네이버,72,LG전자인증점 이좋은세상,2026 LG 그램 14 14ZD95U-GX5WK AI 노트북 AMD 라이젠5 16GB 초경량,LG전자,라이젠5,integrated,16GB,,,,,1766000,1766000,,https://smartstore.naver.com/main/products/12873693625
2026-07-08,네이버,73,LG전자인증점 티앤티정보,2026 LG그램 15 노트북 15ZD95U-GX56K AI AMD 라이젠5 16GB 256GB 초경량 휴대용 업무 OS 미탑재,LG전자,라이젠5,integrated,16GB,256GB,,,,1988000,1988000,,https://smartstore.naver.com/main/products/12848803540
2026-07-08,네이버,74,LG전자인증점 노트북랜드,Live 94만 LG그램북 AI 2026 15UD50U-GX5JK 인강용 듀얼업 노트북,LG전자,,integrated,,,,,,1200000,1200000,,https://smartstore.naver.com/main/products/12872423540
2026-07-08,네이버,75,네이버,"LG전자 LG그램 노트북 16ZD90TL-GX56K RAM 16GB, 256GB",LG전자,,integrated,16GB,256GB,,,,1799000,1799000,,https://search.shopping.naver.com/catalog/56669100718
2026-07-08,네이버,76,베이직스 스토어,베이직북16 Pro 노트북 라이젠5 16GB 256GB WIN11 사무용 업무용 가벼운,Basics,라이젠5,integrated,16GB,256GB,WIN 11 HOME,,,898000,898000,,https://smartstore.naver.com/main/products/12954611511
2026-07-08,네이버,77,삼성mall 한사랑씨앤씨,삼성 갤럭시북 i5 대학생 업무용 사무용 인강용 실속형 문서작업용 입문용 노트북,삼성전자,I5,integrated,,,,,,1249000,1249000,,https://smartstore.naver.com/main/products/8172080510
2026-07-08,네이버,78,LG전자인증점 베스트CNF,[혜택가 171만] 2026 LG그램 15 15ZD90U-GX56K 인텔 코어 Ultra5 팬서레이크 4Xe 16GB 256GB AI 대학생 인강 과제용 가벼운 고성능 노트북,LG전자,,integrated,16GB,256GB,,,,2140000,2140000,,https://smartstore.naver.com/main/products/12968351671
2026-07-08,네이버,79,네이버,"LG전자 울트라PC 15UD50T-GX5JK 8GB, 256GB",LG전자,,integrated,8GB,256GB,,,,799000,799000,,https://search.shopping.naver.com/catalog/53626549236
2026-07-08,네이버,80,네이버,삼성전자 갤럭시북6 NT740VJT-A71A,삼성전자,,integrated,,,,,,2000000,2000000,,https://search.shopping.naver.com/catalog/60500789329
2026-07-08,네이버,81,네이버,"삼성전자 갤럭시북5 프로 NT940XHA-KC51 16GB, 512GB",삼성전자,,integrated,16GB,512GB,,,,2264000,2264000,,https://search.shopping.naver.com/catalog/54166277121
2026-07-08,네이버,82,리뉴올PC PC노리,삼성 사무용 중고 노트북 윈10 NT370E5J (8G/128G),삼성전자,,integrated,,,,,,179000,179000,,https://smartstore.naver.com/main/products/9358039518
2026-07-08,네이버,83,네이버,"삼성전자 갤럭시북5 프로360 NT960QHA-KD72 32GB, 1TB",삼성전자,,integrated,32GB,1TB,,,,3590000,3590000,,https://search.shopping.naver.com/catalog/53666908448
2026-07-08,네이버,84,네이버,"LG전자 그램 프로 16ZD90TR-EX79K RAM 32GB, 512GB",LG전자,,integrated,32GB,512GB,,,,3299000,3299000,,https://search.shopping.naver.com/catalog/58488646589
2026-07-08,네이버,85,네이버,"ASUS Zenbook A14 UX3407QA-SB 16GB, 512GB",ASUS,,integrated,16GB,512GB,,,,1499000,1499000,,https://search.shopping.naver.com/catalog/58697959801
2026-07-08,네이버,86,네이버,"삼성전자 갤럭시북5 프로 NT960XHA-KC51 16GB, 512GB",삼성전자,,integrated,16GB,512GB,,,,2337300,2337300,,https://search.shopping.naver.com/catalog/54166287899
2026-07-08,네이버,87,네이버,"삼성전자 갤럭시북6 NT760VJT-A51A 16GB, 256GB",삼성전자,,integrated,16GB,256GB,,,,1849000,1849000,,https://search.shopping.naver.com/catalog/60516353968
2026-07-08,네이버,88,킹프라이스,[대여] 노트북 렌탈 LG그램 15Z990 i5-8세대 사무용 인강용 자격증용 단기 임대 7일,LG전자,I5,integrated,,,,,,23000,23000,,https://smartstore.naver.com/main/products/7900636368
2026-07-08,네이버,89,윤자씨네,엘지 노트북 win11 사무용 업무용 가정용 인강용 15N365 8GB 128GB,LG전자,,integrated,8GB,128GB,WIN 11 HOME,,,309000,309000,,https://smartstore.naver.com/main/products/10092157173
2026-07-08,네이버,90,네이버,"삼성전자 갤럭시북6 프로 (40.6cm) Core Ultra 5 RAM 16GB NT960XJG-KC51, 512GB",삼성전자,,integrated,16GB,512GB,,,,2843500,2843500,,https://search.shopping.naver.com/catalog/59066386135
2026-07-08,네이버,91,네이버,"삼성전자 갤럭시북5 프로 NT940XHZ-A51A RAM 16GB, 256GB",삼성전자,,integrated,16GB,256GB,,,,2199000,2199000,,https://search.shopping.naver.com/catalog/58177434011
2026-07-08,네이버,92,네이버,"삼성전자 갤럭시북5 프로360 NT960QHA-K51A 16GB, 512GB",삼성전자,,integrated,16GB,512GB,,,,2498990,2498990,,https://search.shopping.naver.com/catalog/54049338040
2026-07-08,네이버,93,네이버,"LG전자 LG그램 15ZD90T-GX56K 16GB, 256GB",LG전자,,integrated,16GB,256GB,,,,1350000,1350000,,https://search.shopping.naver.com/catalog/54277867358
2026-07-08,네이버,94,네이버,"LG전자 그램북 15UD50U-GX5KK 16GB, 256GB",LG전자,,integrated,16GB,256GB,,,,1199000,1199000,,https://search.shopping.naver.com/catalog/59075199849
2026-07-08,네이버,95,홍키컴,중고 노트북 삼성 15인치 업무용 사무용 인강용 대학생 포토샵 램8G SSD128G+500G,삼성전자,,integrated,,,,15인치,,188000,188000,,https://smartstore.naver.com/main/products/10520736862
2026-07-08,네이버,96,킹프라이스,[대여] 노트북 렌탈 게이밍 MSI GF76 i7-13세대 16/512 RTX4060 임대 대여 7일,MSI,I7,RTX4060,,,,,,39000,39000,,https://smartstore.naver.com/main/products/7446535107
2026-07-08,네이버,97,네이버,"HP NERO 15-fc1061AU 16GB , 512GB",HP,,integrated,16GB,512GB,,,,789000,789000,,https://search.shopping.naver.com/catalog/59193191177
2026-07-08,네이버,98,삼성mall 한사랑씨앤씨,삼성 갤럭시북6 프로 가벼운 사무용 업무용 터치스크린 학생용 인강용 AI 노트북,삼성전자,,integrated,,,,,,2775000,2775000,,https://smartstore.naver.com/main/products/9682302576
2026-07-08,네이버,99,네이버,"삼성전자 갤럭시북5 프로 NT960XHA-KC71 16GB, 512GB",삼성전자,,integrated,16GB,512GB,,,,2608000,2608000,,https://search.shopping.naver.com/catalog/54166287850
2026-07-08,네이버,100,LG전자인증점 OK오아시스,LG그램 16 인텔 루나레이크 U5 일러스트 영상편집 코파일럿 가벼운 고사양 AI 노트북,LG전자,,integrated,,,,,,2099000,2099000,,https://smartstore.naver.com/main/products/11288287015
